Text,Sentiment
steer clear this product and go with genuine palm replacementr pen which come three pack.,1
guy who said he's had better dialogue with his potted plant ha it right. ,1
it doesn't work europe or asia.,0
only place good for this film is garbage. ,1
we are sending it back.,0
raw and sublimely moving. ,1
it's case 'so bad it is laughable'. ,0
cr pe wa delicate and thin and moist.,1
 what make this story different are terrific production value faultless photography composition and editing terrific casting underappreciated brian keith playing bully teddy and vivid history. ,1
pretty cool i would say.,1
food wa terrible.,0
great product and price.,1
would come back again if i had sushi craving while vegas.,0
so they performed.,1
speaker is low quality so a making ring tone sound very cheap.,0
i don't think i've ever gone to movie and disliked it a much. ,0
i've had better not only from dedicated boba tea spot but even from jenni pho.,0
if only someone involved with it knew how to string together narrative ,0
loved it...friendly server great food wonderful and imaginative menu.,1
overall great experience.,1
i know this is not like other restaurant all something is very off here ,0
hard to judge whether these side were good because we were grossed out by melted styrofoam and didn't want to eat it for fear getting sick.,1
both film are terrible but to credit 1986 version it wa watchable. ,1
a always evening wa wonderful and food delicious ,1
not good by any stretch imagination.,0
there is no plot or storyline ,0
i love this device.,1
ambiance here did not feel like buffet setting but more douchey indoor garden for tea and biscuits.,0
i used to talk on it for 1 1 1 2 hour and battery would be literally drained and dying.,0
this isn't small family restaurant this is fine dining establishment.,1
there is really nothing for me postinos hope your experience is better,0
it wa too predictable even for chick flick. ,0
this place is hand down one best place to eat phoenix metro area.,1
i hate to disagree with my fellow yelpers but my husband and i were so disappointed with this place.,1
crouton also taste homemade which is an extra plus.,1
some applause should be given to prelude however. ,0
i tried cape cod ravoli chicken with cranberry...mmmm ,1
worst phone i've ever had.... only had it for few months.,0
nice headphone for price and they work great ,1
i love camera it's really pretty good quality.,1
i probably won't be coming back here.,0
i have been here several time past and experience ha always been great.,1
freeze frequently,0
her role wa played well. ,1
summer you can dine charming outdoor patio so very delightful.,1
very happy with this product.,1
this place deserves one star and 90 ha to do with food.,1
you wont regret it ,1
i have never had such bland food which surprised me considering article we read focused so much on their spice and flavor.,0
earbud piece break easily.,0
there wa so much hype over this phone that i assumed it wa best my mistake.,0
never got it ,0
service here leaf lot to be desired.,0
please dont waste your money.,0
i like steiner because it's dark and it feel like bar.,1
sauce wa tasteless.,0
victor mclaglen wa even bad and brian donlevy wa almost unrecognizable. ,0
we had so much to say about place before we walked that he expected it to be amazing but wa quickly disappointed.,1
plot doesn't hang together all and acting is absolutely appalling. ,0
great touch.,1
i have been very happy with 510 and have had no complaint from any one regarding my sound quality on their end.,1
nano stated it.my son wa dissapointed.,0
clear crisp sound.,1
this is my new fav vega buffet spot.,1
sweet potato tot were good but onion ring were perfection or a close a i have had.,1
i love owner chef his one authentic japanese cool dude ,1
buyer beware you could flush money right down toilet.,0
we had 7 our table and service wa pretty fast.,1
i am glad i purchased it.,0
i have always used corded headset and freedom from wireless is very helpful.,1
not my thing.,0
charger worked for about week and then completely stopped charging my phone.,0
it little geeky but i think thats it sex on toast and it rock and ooze sex right down to it battery embedded sleek stylish leather case.,0
what mistake.,0
i'm very disappointed with my decision.,0
song were best and muppets were so hilarious. ,1
sweetest phone ,0
it fit comfortably either ear sound is clear and loud and charge last couple days.,0
not a good a i had hoped.,0
music film is really nice too. ,1
i have this phone and it is thorn my side i really abhor it.,1
i loved this movie it wa great portrayal family who had it's share ups and down but end they knew that special love they had for each other. ,1
i didn't think that instruction provided were helpful to me.,0
waitress and manager are so friendly.,1
not pleasant voyage self discovery. ,0
good value work fine power via usb car or wall outlet.,1
this one is simply disappointment.,0
go to place for gyros.,0
basically service wa very bad.,0
first time going but i think i will quickly become regular.,0
and sound quality is great.,1
camera color balance is awful.,0
food is very good for your typical bar food.,1
it just blew. ,0
it's like really sexy party your mouth where you're outrageously flirting with hottest person party.,1
my boyfriend and i sat bar and had completely delightful experience.,1
secondary plot line is incomprehensible and it relation to primary plot line is mystifying. ,0
we aren't one to make scene restaurant but i just don't get it...definitely lost love after this one ,1
excellent service .,1
 both hot sour egg flower soup were absolutely 5 star ,0
mic is great.,1
vegetable are so fresh and sauce feel like authentic thai.,1
reception through this headset is excellent.,1
yes i am simplifying thing here for sake brevity for this really is core problem with this film it ha too much going on without any real fulfilling explanation. ,0
this is such fun and funny movie. ,1
if you want to wait for mediocre food and downright terrible service then this is place for you.,0
i guess i should have known that this place would suck because it is inside excalibur but i didn't use my common sense.,0
ryan's bar is definitely one edinburgh establishment i won't be revisiting.,0
lange had become great actress. ,1
great steak great side great wine amazing desserts.,1
2 mega pixel camera being part phone is reasonably good,1
would recommend this item.,1
i would definitely recommend wing a well a pizza.,1
work like charm it work same a one i got with phone.,1
it is joy to use.,0
it is true classic. ,1
some highlight great quality nigiri here ,1
poor service waiter made me feel like i wa stupid every time he came to table.,0
it did not work my cell phone plug i am very up set with charger .,0
i'd like to return it.,0
i can assure you that you won't be disappointed.,0
i left theater with lilt my step joy my heart and hope for human race. ,1
this is disgrace.,1
i saw this film over christmas and what great film it wa ,1
so don't go there if you are looking for good food...,0
if you like loud buzzing to override all your conversation then this phone is for you ,0
food arrived quickly ,0
this is simply best bluetooth headset for sound quality ,1
it's so stupid to have to keep buying new charger car charger cradle headphone and car kit every time new phone come out.,1
terrible product and waste money ,0
basic premise is wasted since it is sidelined by inexplicable focus on documentary crew. ,0
i don't each much pasta but i love homemade hand made pasta and thin pizza here.,1
i got car charger and not even after week charger wa broken...i went to plug it and it started smoking.,0
real disappointment wa our waiter.,0
ursula burton's portrayal nun is both touching and funny same time with out making fun nun or church. ,1
bose noise cancelling is amazing which is very important for nyc commuter.,1
i put latest o on it v15g and it now like to slow to crawl and lock up every once while.,1
i have recommended it to friends. ,1
i hate movie like that. ,0
i am going to have to be first to negatively review this product.,0
 long lasting battery you don't have to recharge it a frequentyly a some flip phone ,0
it wa horrendous. ,1
bartender wa also nice.,1
not enough volume.,0
this is masterful piece film making with many theme simmering and occasionally boiling over this wart and all study poet's bohemian self indulgent wartime year that span aerial bombardment london and outward tranquillity welsh coastal retreat borderline between friendship lust and love dedication to art and experience versus practical concern jealousy rivalry cowardice and egotism versus heroism and self sacrifice and more. ,1
i really recommend this faceplate since it look very nice elegant and cool.,1
it wa waste my money.,0
a many people complained i found this headset's microphone wa very weak.,1
you cant go wrong with any food here.,1
their on screen chemistry critical to entire film is genuine. ,1
we watched our waiter pay lot more attention to other table and ignore us.,0
he wa extremely rude and really there are so many other restaurant i would love to dine during weekend vegas.,1
item stated a included from description are not included.,0
after one bite i wa hooked.,0
this wa utterly confusing first which caused me to lose couple very very important contacts.,0
cable look so thin and flimsy it is scary.,1
meredith m wa better than all right. ,1
i do love sushi but i found kabuki to be over priced over hip and under services.,1
i usually don't like headband but this one is very lightweight doesn't mess up my hair.,0
this phone is very fast with sending any kind message and web browsing is significantly faster than previous phone i have used.,1
any ring tone..overall good phone to buy..,1
this really is how vega fine dining used to be right down to menu handed to lady that have no price listed.,0
it kept getting worse and worse so now i'm officially done.,1
terrible management.,0
worthless product.,0
much more interesting more action more suspense and le unneeded controversy. ,0
worst customer service.,0
it wa also right balance war and love. ,1
add betty white and jean smart and you have great cast everyone played their part really well. ,1
linked to my phone without effort.,0
truly truly bad film. ,0
my ribeye steak wa cooked perfectly and had great mesquite flavor.,1
happy so far .,1
you learn lot about real inside emotion people this movie and lot about movie business itself. ,1
avoid avoid avoid ,0
i love ringtones because they are so upbeat ,1
meat wa pretty dry i had sliced brisket and pulled pork.,1
now this dish wa quite flavourful.,1
for that it's worth checking out. ,1
by this point my friend and i had basically figured out this place wa joke and didn't mind making it publicly and loudly known.,1
cashier had no care what so ever on what i had to say it still ended up being wayyy overpriced.,0
stopped by this place while madison for ironman very friendly kind staff.,1
my friend did not like his bloody mary.,0
poor reliability.,0
warning stay away.,0
last 15 minute movie are also not bad a well. ,0
phone crashed completely and now i have to get it replaced.,1
best fish i've ever had my life ,1
we waited for forty five minute vain.,0
it's piece crap ,0
i will not be eating there again.,0
i struggle to find anything bad to say about it. ,0
that just scream legit my book...somethat's also pretty rare here vegas.,0
performed awful muffled tinny incoming sound and severe echo for those on other end call.,0
you can not answer call with unit never worked once ,0
this is good battery and it got here really fast.,1
don't waste your time watching this rubbish non researched film. ,0
disappointed with battery.,0
good quality bargain.. i bought this after i bought cheapy from big lot that sounded awful and people on other end couldn't hear me.,1
there wa nothing believable about it all. ,0
i highly doubt that anyone could ever like this trash. ,1
i seriously cannot believe that owner ha so many unexperienced employee that all are running around like chicken with their head cut off.,1
thus far have only visited twice and food wa absolutely delicious each time.,1
perfect for someone me who only like beer ice cold or this case even colder.,0
dont go here.,0
will order from them again ,0
cumbersome design.,0
i'm bit disappointed.,0
i wouldnt see this movie again for free. ,1
would not recommend to others.,0
every element this story wa so over top excessively phony and contrived that it wa painful to sit through. ,1
i won't say any more i don't like spoiler so i don't want to be one but i believe this film is worth your time. ,0
only very disappointing thing wa there wa no speakerphone ,0
 ... down drain because weak snap ,0
selection wa probably worst i've seen vegas.....there wa none.,0
on three different occasion i asked for well done or medium well and all three time i got bloodiest piece meat on my plate.,1
price are very reasonable flavor are spot on sauce is home made and slaw is not drenched mayo.,1
all bread is made house ,1
here wind and lion we see wonderful rendering america's own imperial age. ,1
elia koteas jack palance play good role angelina is hot and get naked.billy drago appears this and is cool a usual cameo by sven ole thorsen help make this very enjoyable movie with good acting and decent budget. ,1
we ordered duck rare and it wa pink and tender on inside with nice char on outside.,1
i can't wait to go back.,0
design is very odd a ear clip is not very comfortable all.,0
i always order from vegetarian menu during dinner which ha wide array option to choose from.,0
this place receives star for their appetizer ,1
initially local site film which wa filmed here buffalo intrigued me. ,0
i think not again,0
phone take forever to charge like 2 to 5 hour literally.,0
i felt insulted and disrespected how could you talk and judge another human being like that ,0
i highly recommend this device to everyone ,1
total letdown i would much rather just go to camelback flower shop and cartel coffee.,0
waitress wa sweet and funny.,1
even when woman finally show up there is no sign improvement most expected thing happen and by time film is over you might be far asleep. ,0
don't bother coming here.,0
this place should honestly be blown up.,1
you can't relate with them hell you barely can understand them. ,1
excellent sound battery life and inconspicuous to boot .,1
it is shameful. ,1
also it slim enough to fit into my alarm clock docking station without removing case.,0
let's start with all problem acting especially from lead professor wa very very bad. ,0
it definitely wa not a good a my s,0
don't trust their website and don't expect any helpful support.,0
then i exchanged for same phone even that had same problem.,0
it's so bad it's actually worth seeing just for that reason. ,0
director neil labute us brutal violence to seperate dream from reality and along with touching drama and hilarious comedy you can never tell what is going to happen next. ,0
it's still wild stuff though and is highly recommended to fan giallo cinema. ,1
